City_ID,City,Lat,Lng,Max Temp,Humidity,Cloudiness,Wind Speed,Country,Date
0,port-aux-francais,-49.35,70.2167,275.23,56,69,4.36,TF,2023-07-17 03:00:00
1,grytviken,-54.2811,-36.5092,267.52,87,65,1.68,GS,2023-07-17 03:00:00
2,rmi capitol,7.0893,171.3805,303.18,71,48,6.13,MH,2023-07-17 03:00:00
3,badger,64.8,-147.5333,293.64,53,100,1.33,US,2023-07-17 03:00:00
4,waitangi,-43.9535,-176.5597,283.81,77,100,13.79,NZ,2023-07-17 03:00:00
5,blackmans bay,-43.0167,147.3167,286.78,59,23,4.32,AU,2023-07-17 03:00:00
6,san antonio de pale,-1.4014,5.6325,296.06,82,20,6.03,GQ,2023-07-17 03:00:00
7,sirjan,29.452,55.6814,300.69,18,1,3.0,IR,2023-07-17 03:00:00
8,lebu,-37.6167,-73.65,280.5,73,100,3.15,CL,2023-07-17 03:00:00
9,qaqortoq,60.7167,-46.0333,279.76,93,95,0.68,GL,2023-07-17 03:00:00
10,edinburgh of the seven seas,-37.0676,-12.3116,286.16,69,4,12.1,SH,2023-07-17 03:00:00
11,invercargill,-46.4,168.35,283.57,88,91,7.72,NZ,2023-07-17 03:00:00
12,kuragino,53.8975,92.6725,288.76,96,100,3.15,RU,2023-07-17 03:00:00
13,georgetown,5.4112,100.3354,301.06,84,47,1.97,MY,2023-07-17 03:00:00
14,utrik,11.2278,169.8474,301.23,79,68,6.97,MH,2023-07-17 03:00:00
15,mitsamiouli,-11.3847,43.2844,298.05,70,4,3.98,KM,2023-07-17 03:00:00
16,hawaiian paradise park,19.5933,-154.9731,299.95,73,63,4.13,US,2023-07-17 03:00:00
17,el calafate,-50.3408,-72.2768,269.09,71,10,2.24,AR,2023-07-17 03:00:00
18,saldanha,-33.0117,17.9442,286.44,87,99,1.06,ZA,2023-07-17 03:00:00
19,zdvinsk,54.7021,78.661,292.86,81,53,3.07,RU,2023-07-17 03:00:00
20,kristiansund,63.1115,7.732,287.31,89,94,3.85,NO,2023-07-17 03:00:00
21,iskateley,67.6803,53.1512,289.36,89,85,4.55,RU,2023-07-17 03:00:00
22,stanley,54.868,-1.6985,283.59,86,18,3.84,GB,2023-07-17 03:00:00
23,constantia,44.1833,28.65,294.83,67,0,2.22,RO,2023-07-17 03:00:00
24,hermanus,-34.4187,19.2345,287.18,80,91,3.2,ZA,2023-07-17 03:00:00
25,kasganj,27.8167,78.65,306.44,60,88,1.17,IN,2023-07-17 03:00:00
26,adamstown,-25.066,-130.1015,294.37,79,100,3.8,PN,2023-07-17 03:00:00
27,bredasdorp,-34.5322,20.0403,285.7,80,88,2.77,ZA,2023-07-17 03:00:00
28,keflavik,64.0049,-22.5624,282.33,67,3,9.15,IS,2023-07-17 03:00:00
29,isafjordur,66.0755,-23.124,281.08,67,15,1.68,IS,2023-07-17 03:00:00
30,thompson,55.7435,-97.8558,290.51,74,100,2.0,CA,2023-07-17 03:00:00
31,punta arenas,-53.15,-70.9167,276.82,84,100,6.15,CL,2023-07-17 03:00:00
32,belmonte,-15.8631,-38.8828,295.68,88,28,1.33,BR,2023-07-17 03:00:00
33,tiksi,71.6872,128.8694,280.54,85,100,4.99,RU,2023-07-17 03:00:00
34,hamilton,39.1834,-84.5333,297.77,73,0,2.06,US,2023-07-17 03:00:00
35,morehead city,34.7229,-76.726,301.38,87,25,3.29,US,2023-07-17 03:00:00
36,olonkinbyen,70.9221,-8.7187,277.28,96,100,9.79,SJ,2023-07-17 03:00:00
37,puerto ayora,-0.7393,-90.3518,298.39,92,60,4.61,EC,2023-07-17 03:00:00
38,lihue,21.9789,-159.3672,299.87,68,26,6.08,US,2023-07-17 03:00:00
39,mianyang,31.4593,104.7542,302.32,76,3,1.54,CN,2023-07-17 03:00:00
40,saint-francois,46.4154,3.9054,286.95,83,3,1.23,FR,2023-07-17 03:00:00
41,wailua homesteads,22.0669,-159.378,299.13,73,25,5.63,US,2023-07-17 03:00:00
42,lazaro cardenas,17.9583,-102.2,302.46,83,7,2.03,MX,2023-07-17 03:00:00
43,nova sintra,14.8667,-24.7167,295.93,86,89,4.83,CV,2023-07-17 03:00:00
44,vodnyy,63.5046,53.4095,293.37,61,50,2.5,RU,2023-07-17 03:00:00
45,albany,42.6001,-73.9662,294.52,95,100,1.59,US,2023-07-17 03:00:00
46,kalevala,65.2,31.1667,288.19,75,100,2.64,RU,2023-07-17 03:00:00
47,kodiak,57.79,-152.4072,288.15,71,100,3.88,US,2023-07-17 03:00:00
48,port elizabeth,-33.918,25.5701,287.48,86,7,2.23,ZA,2023-07-17 03:00:00
49,teknaf,20.8624,92.3058,301.45,89,98,5.12,BD,2023-07-17 03:00:00
50,mil'kovo,55.6078,37.7956,289.06,81,17,2.05,RU,2023-07-17 03:00:00
51,vorkuta,67.5,64.0,287.73,93,93,4.18,RU,2023-07-17 03:00:00
52,ojai,34.4481,-119.2429,299.83,61,51,0.62,US,2023-07-17 03:00:00
53,west island,-12.1568,96.8225,298.75,63,100,9.81,CC,2023-07-17 03:00:00
54,college,64.8569,-147.8028,292.94,57,83,1.3,US,2023-07-17 03:00:00
55,afaahiti,-17.75,-149.2833,299.8,59,1,1.42,PF,2023-07-17 03:00:00
56,xinyuan,37.3,99.0,287.45,70,11,2.21,CN,2023-07-17 03:00:00
57,port alfred,-33.5906,26.891,289.45,52,66,2.45,ZA,2023-07-17 03:00:00
58,port saint john's,-31.6229,29.5448,289.39,57,29,2.93,ZA,2023-07-17 03:00:00
59,ryotsu-minato,38.0833,138.4333,301.65,74,11,3.79,JP,2023-07-17 03:00:00
60,fortuna,40.5982,-124.1573,289.96,85,73,2.99,US,2023-07-17 03:00:00
61,aloja,57.7669,24.8825,288.38,98,82,2.17,LV,2023-07-17 03:00:00
62,mazatlan,23.2167,-106.4167,303.91,82,23,3.64,MX,2023-07-17 03:00:00
63,baukau,51.5526,7.2042,290.66,71,83,2.84,DE,2023-07-17 03:00:00
64,kaka,37.3482,59.6143,304.25,35,1,5.85,TM,2023-07-17 03:00:00
65,fort st. john,56.2499,-120.8529,292.81,63,100,0.76,CA,2023-07-17 03:00:00
66,saipan,15.1355,145.701,302.87,92,17,6.08,MP,2023-07-17 03:00:00
67,laojunmiao,39.8333,97.7333,301.28,20,0,6.62,CN,2023-07-17 03:00:00
68,rongelap,11.1635,166.8941,301.6,78,97,6.41,MH,2023-07-17 03:00:00
69,bilibino,68.0546,166.4372,300.9,30,42,5.12,RU,2023-07-17 03:00:00
70,jiayuguan,39.8167,98.3,304.61,17,0,5.07,CN,2023-07-17 03:00:00
71,yellowknife,62.456,-114.3525,296.22,44,54,4.23,CA,2023-07-17 03:00:00
72,kargasok,59.0556,80.8572,291.71,71,33,2.52,RU,2023-07-17 03:00:00
73,northam,51.0333,-4.2167,286.8,87,8,4.97,GB,2023-07-17 03:00:00
74,dryden,49.7833,-92.7503,287.09,90,100,3.59,CA,2023-07-17 03:00:00
75,chonchi,-42.6128,-73.8092,274.63,93,6,0.92,CL,2023-07-17 03:00:00
76,nagqu,31.5,92.0,283.12,67,9,2.15,CN,2023-07-17 03:00:00
77,la passe,45.5549,-0.8967,289.04,79,22,1.28,FR,2023-07-17 03:00:00
78,petrovskaya,45.4314,37.955,292.13,73,0,1.2,RU,2023-07-17 03:00:00
79,atafu village,-8.5421,-172.5159,301.88,74,88,6.84,TK,2023-07-17 03:00:00
80,codrington,-38.2667,141.9667,286.11,75,1,5.76,AU,2023-07-17 03:00:00
81,santa marta,11.2408,-74.199,300.69,80,83,5.65,CO,2023-07-17 03:00:00
82,turtas,58.9417,69.1325,292.03,75,55,2.81,RU,2023-07-17 03:00:00
83,huancavelica,-12.7667,-74.9833,275.81,79,22,1.09,PE,2023-07-17 03:00:00
84,chagoda,59.164,35.3285,290.09,80,30,1.58,RU,2023-07-17 03:00:00
85,san carlos de bariloche,-41.1456,-71.3082,273.98,60,79,1.56,AR,2023-07-17 03:00:00
86,nadym,65.5333,72.5167,292.66,66,78,6.74,RU,2023-07-17 03:00:00
87,phan rang-thap cham,11.5667,108.9833,307.43,59,90,6.44,VN,2023-07-17 03:00:00
88,rosarito,32.3333,-117.0333,296.35,74,97,3.34,MX,2023-07-17 03:00:00
89,coahuayana de hidalgo,18.7,-103.6583,303.06,75,43,0.81,MX,2023-07-17 03:00:00
90,saint-philippe,-21.3585,55.7679,295.06,85,43,5.78,RE,2023-07-17 03:00:00
91,iqaluit,63.7506,-68.5145,278.64,99,100,2.49,CA,2023-07-17 03:00:00
92,bazarak,35.3129,69.5152,295.8,35,0,3.68,AF,2023-07-17 03:00:00
93,santiago de cao,-7.9589,-79.2392,294.93,87,73,5.97,PE,2023-07-17 03:00:00
94,daudnagar,25.0333,84.4,304.66,74,95,5.57,IN,2023-07-17 03:00:00
95,nar'yan-mar,67.6713,53.087,289.42,89,84,4.59,RU,2023-07-17 03:00:00
96,gizo,-8.103,156.8419,300.82,77,77,2.82,SB,2023-07-17 03:00:00
97,aasiaat,68.7098,-52.8699,275.79,95,100,2.49,GL,2023-07-17 03:00:00
98,pervomayskoye,43.919,46.7102,292.77,75,76,6.23,RU,2023-07-17 03:00:00
99,hadibu,12.65,54.0333,298.29,81,79,10.4,YE,2023-07-17 03:00:00
100,avarua,-21.2078,-159.775,296.1,65,60,7.13,CK,2023-07-17 03:00:00
101,berdigestyakh,62.0989,126.6992,292.11,43,35,3.03,RU,2023-07-17 03:00:00
102,thala,35.5724,8.6703,300.77,15,0,1.36,TN,2023-07-17 03:00:00
103,alofi,-19.0595,-169.9187,294.21,95,100,8.51,NU,2023-07-17 03:00:00
104,xining,36.6167,101.7667,293.47,61,81,0.7,CN,2023-07-17 03:00:00
105,weno,7.4515,151.8468,300.16,90,100,7.02,FM,2023-07-17 03:00:00
106,ribeira grande,38.5167,-28.7,293.14,75,70,3.37,PT,2023-07-17 03:00:00
107,enewetak,11.3474,162.3373,301.51,78,98,6.2,MH,2023-07-17 03:00:00
108,ilulissat,69.2167,-51.1,277.35,94,93,1.72,GL,2023-07-17 03:00:00
109,gadzhiyevo,69.2551,33.3362,288.72,71,74,3.95,RU,2023-07-17 03:00:00
110,korla,41.7597,86.1469,309.13,18,39,7.26,CN,2023-07-17 03:00:00
111,remire-montjoly,4.9167,-52.2667,299.81,94,4,5.58,GF,2023-07-17 03:00:00
112,egilsstadir,65.2653,-14.3948,280.5,81,83,3.27,IS,2023-07-17 03:00:00
113,porbandar,21.6422,69.6093,301.36,82,80,6.69,IN,2023-07-17 03:00:00
114,obo,5.3998,26.4869,293.75,87,17,0.84,CF,2023-07-17 03:00:00
115,nuuk,64.1835,-51.7216,281.58,94,100,6.64,GL,2023-07-17 03:00:00
116,zhangye,38.9342,100.4517,303.75,27,0,1.82,CN,2023-07-17 03:00:00
117,ramachandrapuram,16.85,82.0167,300.24,75,100,5.12,IN,2023-07-17 03:00:00
118,fonte boa,-2.4959,-66.2662,296.54,98,91,0.39,BR,2023-07-17 03:00:00
119,muromtsevo,56.3724,75.2418,292.22,71,94,2.02,RU,2023-07-17 03:00:00
120,el granada,37.5027,-122.4694,291.05,79,33,2.46,US,2023-07-17 03:00:00
121,kirakira,-10.4544,161.9205,299.62,90,86,3.47,SB,2023-07-17 03:00:00
122,sao tome,0.3365,6.7273,297.08,83,77,3.12,ST,2023-07-17 03:00:00
123,ushuaia,-54.8,-68.3,274.41,81,60,2.39,AR,2023-07-17 03:00:00
124,bethel,41.3712,-73.414,295.95,92,100,0.75,US,2023-07-17 03:00:00
125,thunder bay,48.4001,-89.3168,288.05,78,74,2.14,CA,2023-07-17 03:00:00
126,kodinar,20.7903,70.7031,301.01,83,76,4.82,IN,2023-07-17 03:00:00
127,island harbour,50.724,-1.2758,288.16,86,21,7.08,GB,2023-07-17 03:00:00
128,luderitz,-26.6481,15.1594,290.47,44,1,2.87,NA,2023-07-17 03:00:00
129,sitka,57.0531,-135.33,287.91,91,100,0.46,US,2023-07-17 03:00:00
130,la'ie,21.6477,-157.9253,300.51,71,13,6.27,US,2023-07-17 03:00:00
131,buka,40.8108,69.1986,303.33,25,1,2.82,UZ,2023-07-17 03:00:00
132,kapuskasing,49.4169,-82.4331,289.41,79,82,0.63,CA,2023-07-17 03:00:00
133,puerto natales,-51.7236,-72.4875,272.59,90,93,2.07,CL,2023-07-17 03:00:00
134,blackwater,-23.5833,148.8833,293.63,65,89,5.58,AU,2023-07-17 03:00:00
135,itoman,26.1247,127.6694,303.32,75,83,10.51,JP,2023-07-17 03:00:00
136,udachny,66.4167,112.4,285.84,59,100,5.35,RU,2023-07-17 03:00:00
137,fisterra,42.9049,-9.2629,289.01,80,3,5.46,ES,2023-07-17 03:00:00
138,colonia,50.9333,6.95,290.09,63,20,1.11,DE,2023-07-17 03:00:00
139,flying fish cove,-10.4217,105.6791,298.09,80,57,8.29,CX,2023-07-17 03:00:00
140,angaur state,6.906,134.13,300.55,81,100,2.81,PW,2023-07-17 03:00:00
141,cambria,35.5641,-121.0808,299.23,69,88,0.8,US,2023-07-17 03:00:00
142,santa ines,-3.6667,-45.38,296.38,74,48,0.75,BR,2023-07-17 03:00:00
143,kalmunai,7.4167,81.8167,302.57,75,93,2.84,LK,2023-07-17 03:00:00
144,vanimo,-2.6741,141.3028,301.17,83,90,1.12,PG,2023-07-17 03:00:00
145,talnakh,69.4865,88.3972,283.08,71,89,4.32,RU,2023-07-17 03:00:00
146,eastham,41.8301,-69.9739,296.11,88,100,5.64,US,2023-07-17 03:00:00
147,coquimbo,-29.9533,-71.3436,286.74,93,51,1.3,CL,2023-07-17 03:00:00
148,hafar al-batin,28.4328,45.9708,307.02,10,0,3.93,SA,2023-07-17 03:00:00
149,petropavlovsk-kamchatsky,53.0452,158.6483,291.01,75,74,1.68,RU,2023-07-17 03:00:00
150,inhambane,-23.865,35.3833,289.92,76,8,1.76,MZ,2023-07-17 03:00:00
151,namibe,-15.1961,12.1522,293.26,67,0,1.69,AO,2023-07-17 03:00:00
152,wynyard,-41.0,145.7167,286.72,73,70,5.5,AU,2023-07-17 03:00:00
153,aral,40.5156,81.2636,308.4,20,83,5.16,CN,2023-07-17 03:00:00
154,puerto baquerizo moreno,-0.9,-89.6,298.17,85,59,5.56,EC,2023-07-17 03:00:00
155,kampong speu,11.5,104.3333,300.41,79,100,5.75,KH,2023-07-17 03:00:00
156,maceio,-9.6658,-35.7353,297.32,90,7,3.16,BR,2023-07-17 03:00:00
157,longyearbyen,78.2186,15.6401,281.89,73,10,3.61,SJ,2023-07-17 03:00:00
158,sogndal,61.2283,7.1003,287.03,97,100,2.1,NO,2023-07-17 03:00:00
159,walvis bay,-22.9575,14.5053,293.73,28,0,4.62,NA,2023-07-17 03:00:00
160,winnemucca,40.973,-117.7357,309.94,6,100,2.76,US,2023-07-17 03:00:00
161,st. john's,47.5649,-52.7093,292.12,94,81,4.04,CA,2023-07-17 03:00:00
162,carqueiranne,43.0953,6.073,297.52,85,9,2.65,FR,2023-07-17 03:00:00
163,shingu,33.7333,135.9833,305.92,58,16,1.0,JP,2023-07-17 03:00:00
164,nola,40.922,14.5329,300.44,60,0,0.88,IT,2023-07-17 03:00:00
165,port macquarie,-31.4333,152.9167,290.83,77,68,2.28,AU,2023-07-17 03:00:00
166,east london,-33.0153,27.9116,289.71,45,62,2.19,ZA,2023-07-17 03:00:00
167,ust'-ilimsk,58.0006,102.6619,295.73,74,96,3.65,RU,2023-07-17 03:00:00
168,klyuchi,52.2667,79.1667,294.96,76,11,3.47,RU,2023-07-17 03:00:00
169,quesada,10.3238,-84.4271,296.92,99,100,1.36,CR,2023-07-17 03:00:00
170,yung shue wan,22.2333,114.1167,302.39,80,100,18.44,HK,2023-07-17 03:00:00
171,conduaga,8.862,117.4893,302.68,77,92,5.5,PH,2023-07-17 03:00:00
172,heroica matamoros,25.8833,-97.5,303.6,68,7,5.05,MX,2023-07-17 03:00:00
173,mirandela,41.4874,-7.187,290.13,56,73,1.87,PT,2023-07-17 03:00:00
174,tanjung pandan,-2.75,107.65,303.56,79,26,4.73,ID,2023-07-17 03:00:00
175,nuku'alofa,-21.1333,-175.2,296.63,68,40,7.64,TO,2023-07-17 03:00:00
176,mount gambier,-37.8333,140.7667,285.94,72,9,4.61,AU,2023-07-17 03:00:00
177,kaga bandoro,6.9896,19.1874,294.84,95,61,0.43,CF,2023-07-17 03:00:00
178,benin city,6.335,5.6275,296.57,98,97,1.0,NG,2023-07-17 03:00:00
179,tarawa,1.419,172.984,303.44,71,38,3.5,KI,2023-07-17 03:00:00
180,pangai,-19.8,-174.35,296.06,78,73,9.04,TO,2023-07-17 03:00:00
181,port-vila,-17.7338,168.3219,297.69,73,78,9.74,VU,2023-07-17 03:00:00
182,lesnoy,57.6198,63.0784,291.68,83,72,4.02,RU,2023-07-17 03:00:00
183,goundi,9.3627,17.366,297.8,75,5,1.33,TD,2023-07-17 03:00:00
184,arteche,12.2645,125.4048,304.95,67,71,1.02,PH,2023-07-17 03:00:00
185,tukrah,32.5341,20.5791,299.34,79,0,4.64,LY,2023-07-17 03:00:00
186,lompoc,34.6391,-120.4579,293.65,79,28,2.35,US,2023-07-17 03:00:00
187,newman,37.3138,-121.0208,311.95,14,100,3.01,US,2023-07-17 03:00:00
188,brisas de zicatela,15.8369,-97.0419,301.49,70,100,2.35,MX,2023-07-17 03:00:00
189,cadereyta,25.5833,-99.9833,309.55,23,19,6.93,MX,2023-07-17 03:00:00
190,dudinka,69.4058,86.1778,286.29,59,53,7.65,RU,2023-07-17 03:00:00
191,ongjin,37.9347,125.3619,298.02,82,100,1.71,KP,2023-07-17 03:00:00
192,hongch'on,37.6918,127.8857,296.57,95,97,1.7,KR,2023-07-17 03:00:00
193,acarau,-2.8856,-40.12,298.49,83,40,5.88,BR,2023-07-17 03:00:00
194,westport,41.1415,-73.3579,296.99,93,60,1.86,US,2023-07-17 03:00:00
195,selfoss,63.9331,-20.9971,281.72,71,31,4.53,IS,2023-07-17 03:00:00
196,znamenskoye,57.1281,73.8282,292.98,70,73,1.02,RU,2023-07-17 03:00:00
197,vadso,70.0744,29.7487,285.09,88,83,4.0,NO,2023-07-17 03:00:00
198,sandpoint,48.2766,-116.5533,303.33,29,33,0.73,US,2023-07-17 03:00:00
199,kanye,-24.9667,25.3327,282.87,39,0,1.89,BW,2023-07-17 03:00:00
200,magdagachi,53.45,125.8,304.89,39,13,1.62,RU,2023-07-17 03:00:00
201,tura,25.5198,90.2201,299.76,86,100,2.14,IN,2023-07-17 03:00:00
202,palikir - national government center,6.9248,158.1611,301.14,80,100,5.33,FM,2023-07-17 03:00:00
203,copiapo,-27.3667,-70.3333,289.33,54,100,0.64,CL,2023-07-17 03:00:00
204,houlton,46.1262,-67.8403,294.19,94,100,5.31,US,2023-07-17 03:00:00
205,kailua-kona,19.6406,-155.9956,299.42,71,50,1.97,US,2023-07-17 03:00:00
206,margaret river,-33.95,115.0667,288.19,79,76,2.87,AU,2023-07-17 03:00:00
207,neyriz,29.1988,54.3278,300.91,28,1,1.0,IR,2023-07-17 03:00:00
208,lockport,41.5895,-88.0578,295.56,72,2,2.94,US,2023-07-17 03:00:00
209,missoula,47.0166,-113.8009,299.41,29,78,1.43,US,2023-07-17 03:00:00
210,zhytkavichy,52.2168,27.8561,292.36,85,52,2.6,BY,2023-07-17 03:00:00
211,tayshet,55.9342,98.0044,293.39,72,99,2.92,RU,2023-07-17 03:00:00
212,torbali,38.1519,27.3622,297.78,56,0,3.24,TR,2023-07-17 03:00:00
213,cabo san lucas,22.8909,-109.9124,303.05,71,2,3.5,MX,2023-07-17 03:00:00
214,waupaca,44.358,-89.086,291.42,73,40,3.2,US,2023-07-17 03:00:00
215,port mathurin,-19.6833,63.4167,296.28,69,79,11.42,MU,2023-07-17 03:00:00
216,raduzhnyy,62.0961,77.475,289.61,51,56,1.6,RU,2023-07-17 03:00:00
217,viale,-31.8678,-60.0072,278.96,71,12,2.58,AR,2023-07-17 03:00:00
218,san patricio,28.017,-97.5169,303.05,64,28,7.11,US,2023-07-17 03:00:00
219,saint-joseph,-21.3667,55.6167,294.6,82,28,6.08,RE,2023-07-17 03:00:00
220,isangel,-19.55,169.2667,295.96,69,61,7.5,VU,2023-07-17 03:00:00
221,noyabrsk,63.1994,75.4507,291.08,53,51,4.74,RU,2023-07-17 03:00:00
222,crucecita,-28.95,-58.9833,282.56,74,19,3.33,AR,2023-07-17 03:00:00
223,lycksele,64.5954,18.6735,286.75,93,35,4.35,SE,2023-07-17 03:00:00
224,sassandra,4.95,-6.0833,297.07,94,98,2.98,CI,2023-07-17 03:00:00
225,camocim,-2.9022,-40.8411,298.8,79,53,6.26,BR,2023-07-17 03:00:00
226,vorgashor,67.5833,63.95,288.16,91,91,4.49,RU,2023-07-17 03:00:00
227,gaspe,48.8334,-64.4819,295.03,93,100,3.73,CA,2023-07-17 03:00:00
228,papatowai,-46.5619,169.4708,283.8,80,75,7.58,NZ,2023-07-17 03:00:00
229,praia da vitoria,38.7333,-27.0667,293.05,76,71,3.72,PT,2023-07-17 03:00:00
230,constitucion,-35.3333,-72.4167,280.84,64,92,2.14,CL,2023-07-17 03:00:00
231,dhidhdhoo,6.8833,73.1,301.21,78,85,7.27,MV,2023-07-17 03:00:00
232,uturoa,-16.7333,-151.4333,298.94,65,0,4.3,PF,2023-07-17 03:00:00
233,bakchar,57.0186,82.0711,291.75,73,5,2.91,RU,2023-07-17 03:00:00
234,la sarre,48.8002,-79.1996,291.47,84,67,1.65,CA,2023-07-17 03:00:00
235,greymouth,-42.4667,171.2,284.58,83,97,1.51,NZ,2023-07-17 03:00:00
236,puerto aysen,-45.4,-72.7,268.93,98,48,0.86,CL,2023-07-17 03:00:00
237,yeppoon,-23.1333,150.7333,296.68,70,63,7.95,AU,2023-07-17 03:00:00
238,islamorada,24.9243,-80.6278,303.54,77,100,1.94,US,2023-07-17 03:00:00
239,portland,45.5234,-122.6762,303.08,39,16,5.1,US,2023-07-17 03:00:00
240,porto novo,6.4965,2.6036,299.23,91,99,3.08,BJ,2023-07-17 03:00:00
241,kavarna,43.4333,28.3333,294.9,82,0,2.0,BG,2023-07-17 03:00:00
242,dunedin,-45.8742,170.5036,287.52,50,65,5.23,NZ,2023-07-17 03:00:00
243,barcelos,41.5388,-8.6151,286.9,88,45,1.92,PT,2023-07-17 03:00:00
244,nelson bay,-32.7167,152.15,290.83,84,55,2.93,AU,2023-07-17 03:00:00
245,kingston,17.997,-76.7936,300.86,84,18,1.02,JM,2023-07-17 03:00:00
246,wuyishan,28.0047,117.8114,302.97,77,72,0.88,CN,2023-07-17 03:00:00
247,cho dok,10.7,105.1167,299.64,76,100,6.44,VN,2023-07-17 03:00:00
248,mhamid,29.82,-5.72,305.97,6,0,4.44,MA,2023-07-17 03:00:00
249,port hedland,-20.3167,118.5667,296.73,39,11,3.98,AU,2023-07-17 03:00:00
250,rypin,53.066,19.4094,289.2,84,7,2.71,PL,2023-07-17 03:00:00
251,vernon,50.2581,-119.2691,304.91,28,53,1.51,CA,2023-07-17 03:00:00
252,kiomboi,-4.2667,34.3667,288.1,56,1,3.37,TZ,2023-07-17 03:00:00
253,saint croix,17.7397,-64.7388,300.01,80,25,8.43,VI,2023-07-17 03:00:00
254,palmeiras de goias,-16.805,-49.9258,296.21,44,45,1.42,BR,2023-07-17 03:00:00
255,calca,-13.3333,-71.95,285.69,78,35,2.1,PE,2023-07-17 03:00:00
256,ust-nera,64.5667,143.2,289.64,47,87,2.98,RU,2023-07-17 03:00:00
257,khandyga,62.6667,135.6,292.01,45,38,2.39,RU,2023-07-17 03:00:00
258,ambon,-3.6954,128.1814,299.08,92,44,7.41,ID,2023-07-17 03:00:00
259,tuy hoa,13.0833,109.3,304.25,65,99,8.17,VN,2023-07-17 03:00:00
260,stornoway,58.2093,-6.3865,284.09,89,60,4.07,GB,2023-07-17 03:00:00
261,castro,-24.7911,-50.0119,284.97,78,65,1.03,BR,2023-07-17 03:00:00
262,polyarnyy,69.1989,33.4478,288.86,69,75,4.12,RU,2023-07-17 03:00:00
263,kiunga,-6.1219,141.2906,301.28,74,90,1.81,PG,2023-07-17 03:00:00
264,antsiranana,-12.2787,49.2917,294.9,81,30,3.56,MG,2023-07-17 03:00:00
265,beypore,11.1833,75.8167,299.76,85,83,3.09,IN,2023-07-17 03:00:00
266,kedougou,12.5579,-12.1743,298.18,95,47,1.66,SN,2023-07-17 03:00:00
267,rockland,41.1668,-74.0496,296.2,95,98,0.91,US,2023-07-17 03:00:00
268,ndele,8.4109,20.6473,295.02,94,42,0.62,CF,2023-07-17 03:00:00
269,bintulu,3.1667,113.0333,303.44,83,45,1.88,MY,2023-07-17 03:00:00
270,port augusta,-32.5,137.7667,290.05,40,0,2.36,AU,2023-07-17 03:00:00
271,puerto san jose,13.9256,-90.8244,300.71,80,100,3.05,GT,2023-07-17 03:00:00
272,fale old settlement,-9.3852,-171.2468,301.79,75,22,7.14,TK,2023-07-17 03:00:00
273,ouarzazat,30.9189,-6.8934,301.89,7,0,0.32,MA,2023-07-17 03:00:00
274,cabedelo,-6.9811,-34.8339,297.87,81,12,4.69,BR,2023-07-17 03:00:00
275,tofol,5.3248,163.0078,302.39,78,82,5.15,FM,2023-07-17 03:00:00
276,vilyuchinsk,52.9306,158.4028,291.97,86,50,1.67,RU,2023-07-17 03:00:00
277,talara,-4.5772,-81.2719,296.18,84,61,6.46,PE,2023-07-17 03:00:00
278,tonning,54.3167,8.95,289.58,68,89,7.51,DE,2023-07-17 03:00:00
279,mantua,45.1667,10.7833,297.25,85,0,1.56,IT,2023-07-17 03:00:00
280,sucre,-19.0333,-65.2627,286.35,49,8,2.09,BO,2023-07-17 03:00:00
281,quepos,9.4236,-84.1652,297.58,95,99,0.71,CR,2023-07-17 03:00:00
282,whitehorse,60.7161,-135.0538,298.56,27,41,3.34,CA,2023-07-17 03:00:00
283,salmon arm,50.6998,-119.3024,305.06,29,56,2.14,CA,2023-07-17 03:00:00
284,homer,59.6425,-151.5483,285.59,92,100,1.4,US,2023-07-17 03:00:00
285,orange walk,17.8333,-88.8333,300.59,78,82,1.45,BZ,2023-07-17 03:00:00
286,cuyo,10.8525,121.0086,301.95,78,90,7.83,PH,2023-07-17 03:00:00
287,kenora,49.8167,-94.4337,287.25,86,83,4.73,CA,2023-07-17 03:00:00
288,hepo,23.4308,115.8299,299.62,96,95,3.62,CN,2023-07-17 03:00:00
289,port isabel,26.0734,-97.2086,303.29,76,3,5.06,US,2023-07-17 03:00:00
290,tsaratanana,-16.7833,47.65,293.1,73,77,3.84,MG,2023-07-17 03:00:00
291,rio grande,-32.035,-52.0986,281.75,72,62,4.72,BR,2023-07-17 03:00:00
292,ghat,24.9647,10.1728,301.86,13,70,0.65,LY,2023-07-17 03:00:00
293,urucara,-2.5364,-57.76,300.57,58,99,1.6,BR,2023-07-17 03:00:00
294,shimoda,34.6667,138.95,304.75,77,28,1.39,JP,2023-07-17 03:00:00
295,arraial do cabo,-22.9661,-42.0278,294.33,87,2,4.7,BR,2023-07-17 03:00:00
296,hirara,24.8,125.2833,301.67,86,76,10.16,JP,2023-07-17 03:00:00
297,duyun,26.2667,107.5167,299.01,65,8,6.27,CN,2023-07-17 03:00:00
298,kangding,30.0513,101.9603,293.48,63,10,2.81,CN,2023-07-17 03:00:00
299,kasempa,-13.4584,25.8338,283.95,63,0,2.53,ZM,2023-07-17 03:00:00
300,santa vitoria do palmar,-33.5189,-53.3681,279.56,76,44,3.42,BR,2023-07-17 03:00:00
301,ciudad bolivar,8.1222,-63.5497,300.07,78,57,4.57,VE,2023-07-17 03:00:00
302,mersing,2.4312,103.8405,302.47,86,47,3.72,MY,2023-07-17 03:00:00
303,maridi,4.9158,29.4742,293.11,84,45,1.59,SS,2023-07-17 03:00:00
304,caleta de carquin,-11.0925,-77.6267,293.16,79,26,4.05,PE,2023-07-17 03:00:00
305,jumla,29.2747,82.1838,294.09,84,96,1.88,NP,2023-07-17 03:00:00
306,vyshniy volochek,57.5913,34.5645,289.6,78,69,1.22,RU,2023-07-17 03:00:00
307,san juan de miraflores,-12.1629,-76.9635,292.28,80,56,3.51,PE,2023-07-17 03:00:00
308,paita,-5.0892,-81.1144,295.56,83,26,6.06,PE,2023-07-17 03:00:00
309,leer,53.2316,7.461,287.83,89,96,4.06,DE,2023-07-17 03:00:00
310,stansted mountfitchet,51.9,0.2,285.39,89,34,4.46,GB,2023-07-17 03:00:00
311,chegdomyn,51.1167,133.0167,300.74,55,80,1.63,RU,2023-07-17 03:00:00
312,floro,61.5996,5.0328,287.93,87,100,6.9,NO,2023-07-17 03:00:00
313,yuzhno-kurilsk,44.0306,145.8556,288.64,86,97,1.49,RU,2023-07-17 03:00:00
314,talavera de la reina,39.9635,-4.8308,294.21,22,2,1.83,ES,2023-07-17 03:00:00
315,nikolayevka,53.1257,47.2041,289.11,85,90,5.26,RU,2023-07-17 03:00:00
316,alliance,40.9153,-81.1059,294.61,84,4,3.07,US,2023-07-17 03:00:00
317,holualoa,19.6228,-155.9522,297.71,71,50,2.01,US,2023-07-17 03:00:00
318,jamestown,42.097,-79.2353,293.95,78,0,2.69,US,2023-07-17 03:00:00
319,strezhevoy,60.7333,77.5889,290.2,54,37,2.84,RU,2023-07-17 03:00:00
320,susuman,62.7833,148.1667,293.52,43,99,0.83,RU,2023-07-17 03:00:00
321,kimbe,-5.5502,150.1429,305.24,58,30,5.07,PG,2023-07-17 03:00:00
322,al jawf,29.5,38.75,301.69,23,1,3.5,SA,2023-07-17 03:00:00
323,saint-pierre,-21.3393,55.4781,295.25,72,5,5.68,RE,2023-07-17 03:00:00
324,daru,-9.0763,143.2092,299.03,82,61,5.74,PG,2023-07-17 03:00:00
325,williamsburg,37.2707,-76.7075,298.55,85,4,0.74,US,2023-07-17 03:00:00
326,baykal'sk,51.5058,104.1469,288.27,94,78,0.24,RU,2023-07-17 03:00:00
327,estevan,49.1334,-102.9842,292.0,48,22,2.32,CA,2023-07-17 03:00:00
328,kurayoshi,35.4333,133.8167,303.77,64,1,1.95,JP,2023-07-17 03:00:00
329,brookings,44.3114,-96.7984,292.77,63,33,3.16,US,2023-07-17 03:00:00
330,mountain home,43.133,-115.6912,310.29,15,11,3.34,US,2023-07-17 03:00:00
331,crane,31.3974,-102.3501,308.84,20,15,7.32,US,2023-07-17 03:00:00
332,taber,49.8167,-112.1518,301.01,38,34,7.71,CA,2023-07-17 03:00:00
333,lichinga,-13.3128,35.2406,282.87,72,0,3.29,MZ,2023-07-17 03:00:00
334,agapovka,53.2973,59.1348,288.58,90,68,4.03,RU,2023-07-17 03:00:00
335,amga,60.8953,131.9608,293.97,52,8,0.42,RU,2023-07-17 03:00:00
336,igarka,67.4667,86.5833,285.48,63,35,4.48,RU,2023-07-17 03:00:00
337,tralee,52.2704,-9.7026,284.53,92,85,3.55,IE,2023-07-17 03:00:00
338,reggane,26.7158,0.1714,309.01,11,35,1.48,DZ,2023-07-17 03:00:00
339,gamay,12.3854,125.2979,305.46,66,59,0.49,PH,2023-07-17 03:00:00
340,laguna,38.421,-121.4238,310.9,24,33,4.8,US,2023-07-17 03:00:00
341,tamanrasset,22.785,5.5228,300.07,26,45,3.53,DZ,2023-07-17 03:00:00
342,sisimiut,66.9395,-53.6735,280.77,95,100,1.82,GL,2023-07-17 03:00:00
343,tazovsky,67.4667,78.7,285.22,55,62,8.24,RU,2023-07-17 03:00:00
344,hudson,40.7168,-74.0663,297.67,90,98,1.69,US,2023-07-17 03:00:00
345,inverness,57.4791,-4.224,284.12,91,47,3.07,GB,2023-07-17 03:00:00
346,bengkulu,-3.8004,102.2655,300.77,85,53,2.02,ID,2023-07-17 03:00:00
347,carnarvon,-24.8667,113.6333,292.65,35,0,2.7,AU,2023-07-17 03:00:00
348,shenjiamen,29.9576,122.298,300.34,83,76,7.04,CN,2023-07-17 03:00:00
349,lata,40.1629,-8.3327,288.64,94,21,1.16,PT,2023-07-17 03:00:00
350,heyuan,23.7333,114.6833,300.56,83,86,3.04,CN,2023-07-17 03:00:00
351,beyneu,45.3167,55.2,297.14,51,62,3.55,KZ,2023-07-17 03:00:00
352,chu,43.5983,73.7614,304.05,30,15,4.13,KZ,2023-07-17 03:00:00
353,taltal,-25.4,-70.4833,289.42,81,97,1.89,CL,2023-07-17 03:00:00
354,nemuro,43.3236,145.575,286.03,93,100,2.96,JP,2023-07-17 03:00:00
355,panacan,9.2463,118.4082,302.48,75,90,6.82,PH,2023-07-17 03:00:00
356,anadyr,64.75,177.4833,295.9,46,1,2.76,RU,2023-07-17 03:00:00
357,itamaraca,-7.7478,-34.8256,297.25,83,30,3.76,BR,2023-07-17 03:00:00
358,kismayo,-0.3582,42.5454,297.8,77,86,6.91,SO,2023-07-17 03:00:00
359,mityana,0.4175,32.0228,288.31,81,13,0.65,UG,2023-07-17 03:00:00
360,lautoka,-17.6167,177.4667,300.29,61,53,0.23,FJ,2023-07-17 03:00:00
361,sai buri,6.7013,101.6168,302.82,80,100,4.98,TH,2023-07-17 03:00:00
362,santo antonio,-6.3106,-35.4789,294.13,95,12,2.8,BR,2023-07-17 03:00:00
363,santa cruz,-17.8,-63.1667,292.47,60,83,4.11,BO,2023-07-17 03:00:00
364,chibougamau,49.9168,-74.3659,293.02,82,18,2.38,CA,2023-07-17 03:00:00
365,smithers,54.7804,-127.1743,292.53,54,70,2.04,CA,2023-07-17 03:00:00
366,zakynthos,37.7914,20.8953,298.87,73,0,2.51,GR,2023-07-17 03:00:00
367,boende,-0.2167,20.8667,297.45,69,23,1.02,CD,2023-07-17 03:00:00
368,ginir,7.1333,40.7,286.32,84,10,4.99,ET,2023-07-17 03:00:00
369,haiku-pauwela,20.9219,-156.3051,300.69,63,41,7.21,US,2023-07-17 03:00:00
370,kaspiyskiy,45.3929,47.3707,294.93,54,49,7.18,RU,2023-07-17 03:00:00
371,suva,-18.1416,178.4415,296.11,90,78,6.95,FJ,2023-07-17 03:00:00
372,victorica,-36.2151,-65.4359,278.29,51,79,4.13,AR,2023-07-17 03:00:00
373,gamla uppsala,59.8969,17.6361,288.5,83,30,4.34,SE,2023-07-17 03:00:00
374,saint-felix-de-valois,46.1668,-73.4324,295.03,91,84,0.68,CA,2023-07-17 03:00:00
375,canchungo,12.0672,-16.0333,298.7,90,99,3.47,GW,2023-07-17 03:00:00
376,ta`u,-14.2336,-169.5144,300.09,78,36,7.09,AS,2023-07-17 03:00:00
377,yamada,39.4667,141.95,301.94,71,40,1.43,JP,2023-07-17 03:00:00
378,nizhneudinsk,54.9076,99.0276,294.7,79,87,0.98,RU,2023-07-17 03:00:00
379,priego de cordoba,37.4381,-4.1952,298.48,30,35,1.73,ES,2023-07-17 03:00:00
380,pacific grove,36.6177,-121.9166,288.94,83,33,0.73,US,2023-07-17 03:00:00
381,talcahuano,-36.7167,-73.1167,281.61,66,33,3.01,CL,2023-07-17 03:00:00
382,miedzychod,52.5988,15.897,290.21,52,7,2.66,PL,2023-07-17 03:00:00
383,hammerfest,70.6634,23.6821,289.7,74,83,11.29,NO,2023-07-17 03:00:00
384,fuling,29.7022,107.3919,303.75,70,0,1.15,CN,2023-07-17 03:00:00
385,babylon,40.6957,-73.3257,297.3,94,100,3.29,US,2023-07-17 03:00:00
386,kisangani,0.5167,25.2,295.91,75,22,0.34,CD,2023-07-17 03:00:00
387,barra de santo antonio,-9.4047,-35.5072,296.92,82,21,3.66,BR,2023-07-17 03:00:00
388,tolanaro,-25.0319,46.9987,290.83,84,16,2.37,MG,2023-07-17 03:00:00
389,newhaven,50.7969,0.0555,288.72,83,25,7.61,GB,2023-07-17 03:00:00
390,uacu cungo,-11.3634,15.1208,288.94,43,8,2.05,AO,2023-07-17 03:00:00
391,manakara,-22.1333,48.0167,292.49,77,99,1.19,MG,2023-07-17 03:00:00
392,gaigeturi,33.4644,126.3183,301.14,80,76,2.91,KR,2023-07-17 03:00:00
393,axim,4.8699,-2.2405,297.55,90,71,2.78,GH,2023-07-17 03:00:00
394,al ghayzah,16.2079,52.176,298.88,88,38,2.98,YE,2023-07-17 03:00:00
395,huarmey,-10.0681,-78.1522,294.08,81,39,3.88,PE,2023-07-17 03:00:00
396,de aar,-30.6497,24.0123,281.73,35,45,1.7,ZA,2023-07-17 03:00:00
397,howrah,22.5892,88.3103,304.01,81,58,3.18,IN,2023-07-17 03:00:00
398,papao,-17.75,-149.55,300.67,64,3,1.69,PF,2023-07-17 03:00:00
399,novyy urgal,51.0736,132.5642,300.23,56,77,0.57,RU,2023-07-17 03:00:00
400,ta'izz,13.5,44.0,297.18,65,15,1.87,YE,2023-07-17 03:00:00
401,clarinda,40.7419,-95.0383,297.65,75,10,1.48,US,2023-07-17 03:00:00
402,cockburn town,21.4612,-71.1419,301.78,83,3,8.33,TC,2023-07-17 03:00:00
403,tomatlan,19.9333,-105.25,302.72,77,90,0.88,MX,2023-07-17 03:00:00
404,el dovio,4.5079,-76.2362,291.54,98,91,1.85,CO,2023-07-17 03:00:00
405,moapa valley,36.5805,-114.4703,315.98,7,75,3.78,US,2023-07-17 03:00:00
406,hanak,41.2336,42.8472,279.65,90,13,1.67,TR,2023-07-17 03:00:00
407,ati,13.2154,18.3353,303.73,52,47,5.58,TD,2023-07-17 03:00:00
408,concepcion,-36.827,-73.0498,281.28,68,33,2.72,CL,2023-07-17 03:00:00
409,matadi,-5.8167,13.45,294.79,84,2,1.15,CD,2023-07-17 03:00:00
410,hithadhoo,-0.6,73.0833,300.65,73,35,1.52,MV,2023-07-17 03:00:00
411,quellon,-43.1167,-73.6167,276.92,76,6,3.24,CL,2023-07-17 03:00:00
412,tamandare,-8.7597,-35.1047,296.9,84,9,3.05,BR,2023-07-17 03:00:00
413,keren,15.7778,38.4581,296.01,70,19,1.92,ER,2023-07-17 03:00:00
414,waingapu,-9.6567,120.2641,301.1,69,75,7.05,ID,2023-07-17 03:00:00
415,happy valley-goose bay,53.3168,-60.3315,297.12,71,70,2.41,CA,2023-07-17 03:00:00
416,taoudenni,22.6783,-3.9836,309.6,28,39,2.76,ML,2023-07-17 03:00:00
417,aldan,58.6031,125.3894,295.79,55,60,2.35,RU,2023-07-17 03:00:00
418,vila franca do campo,37.7167,-25.4333,293.16,79,99,2.21,PT,2023-07-17 03:00:00
419,yingchuan,34.1628,113.4639,305.1,49,0,3.43,CN,2023-07-17 03:00:00
420,timbiqui,2.7717,-77.6654,299.07,88,91,0.64,CO,2023-07-17 03:00:00
421,mutsu,41.2894,141.2169,300.32,81,62,4.57,JP,2023-07-17 03:00:00
422,vila do maio,15.1333,-23.2167,300.08,85,49,4.94,CV,2023-07-17 03:00:00
423,geraldton,-28.7667,114.6,290.09,70,0,2.91,AU,2023-07-17 03:00:00
424,new norfolk,-42.7826,147.0587,287.63,60,54,4.91,AU,2023-07-17 03:00:00
425,ribeira brava,32.65,-17.0667,294.2,70,59,3.35,PT,2023-07-17 03:00:00
426,kununurra,-15.7667,128.7333,303.12,28,6,8.58,AU,2023-07-17 03:00:00
427,nouadhibou,20.931,-17.0347,294.52,82,3,10.59,MR,2023-07-17 03:00:00
428,svay rieng,11.0879,105.7993,299.55,74,98,6.43,KH,2023-07-17 03:00:00
429,kyzylorda,44.8528,65.5092,305.38,33,23,3.74,KZ,2023-07-17 03:00:00
430,guskhara,23.5,87.75,303.69,81,90,4.85,IN,2023-07-17 03:00:00
431,nabire,-3.3667,135.4833,298.54,86,99,1.78,ID,2023-07-17 03:00:00
432,arkhangel'sk,64.5401,40.5433,291.49,66,97,1.98,RU,2023-07-17 03:00:00
433,bamboo flat,11.7,92.7167,301.91,80,83,8.6,IN,2023-07-17 03:00:00
434,sandnessjoen,66.0217,12.6316,287.27,84,29,4.51,NO,2023-07-17 03:00:00
435,lianran,24.9227,102.485,297.74,56,5,4.0,CN,2023-07-17 03:00:00
436,at taj,24.2049,23.2857,301.24,16,22,2.67,LY,2023-07-17 03:00:00
437,bubaque,11.2833,-15.8333,300.75,81,100,8.18,GW,2023-07-17 03:00:00
438,garissa,-0.4536,39.6401,295.58,81,77,6.42,KE,2023-07-17 03:00:00
439,corinto,37.9407,22.9573,299.88,56,0,1.7,GR,2023-07-17 03:00:00
440,ancud,-41.8697,-73.8203,275.9,81,14,3.07,CL,2023-07-17 03:00:00
441,olovyannaya,50.95,115.5667,303.49,39,23,6.38,RU,2023-07-17 03:00:00
442,kill devil hills,36.0307,-75.676,301.24,78,1,2.96,US,2023-07-17 03:00:00
443,byron bay,-28.65,153.6167,293.1,65,58,4.83,AU,2023-07-17 03:00:00
444,ailuk,10.2197,169.9797,301.6,77,83,6.0,MH,2023-07-17 03:00:00
445,springbok,-29.6643,17.8865,284.85,35,27,2.44,ZA,2023-07-17 03:00:00
446,chokwe,-24.5333,32.9833,288.9,50,74,1.54,MZ,2023-07-17 03:00:00
447,kapa'a,22.0752,-159.319,299.96,73,23,6.12,US,2023-07-17 03:00:00
448,beloyarskiy,63.7119,66.6722,295.09,60,58,3.61,RU,2023-07-17 03:00:00
449,alice springs,-23.7,133.8833,293.19,54,33,5.07,AU,2023-07-17 03:00:00
450,mount pearl,47.5166,-52.7813,291.81,93,83,3.58,CA,2023-07-17 03:00:00
451,mata-utu,-13.2816,-176.1745,300.25,80,45,7.04,WF,2023-07-17 03:00:00
452,sinan,34.8262,126.1086,298.22,97,55,1.02,KR,2023-07-17 03:00:00
453,sansepolcro,43.5747,12.143,293.05,66,0,0.82,IT,2023-07-17 03:00:00
454,calvinia,-31.4707,19.776,283.8,52,82,1.5,ZA,2023-07-17 03:00:00
455,mogocha,53.7333,119.7667,303.61,38,49,2.46,RU,2023-07-17 03:00:00
456,miramichi,47.0043,-65.4654,294.13,92,100,4.33,CA,2023-07-17 03:00:00
457,hugo,45.16,-92.9933,292.64,50,49,4.74,US,2023-07-17 03:00:00
458,ras al khaimah city,25.7895,55.9432,307.99,54,7,2.17,AE,2023-07-17 03:00:00
459,malvan,16.0667,73.4667,299.95,85,100,6.91,IN,2023-07-17 03:00:00
460,hepingjie,42.0597,126.9158,290.77,95,98,1.64,CN,2023-07-17 03:00:00
461,buala,-8.145,159.5921,301.27,80,83,1.09,SB,2023-07-17 03:00:00
462,kone,-21.0595,164.8658,298.2,43,8,4.23,NC,2023-07-17 03:00:00
463,oriximina,-1.7656,-55.8661,300.59,61,79,1.36,BR,2023-07-17 03:00:00
464,filadelfia,39.9523,-75.1638,297.46,93,55,1.71,US,2023-07-17 03:00:00
465,port douglas,-16.4833,145.4667,296.97,73,83,7.44,AU,2023-07-17 03:00:00
466,rockdale,33.6501,-84.0166,299.73,62,19,2.63,US,2023-07-17 03:00:00
467,chifeng,42.2683,118.9636,303.65,40,0,1.78,CN,2023-07-17 03:00:00
468,meadow lakes,61.6247,-149.6011,287.13,91,100,2.14,US,2023-07-17 03:00:00
469,bardai,11.65,7.2333,297.8,72,55,1.9,NG,2023-07-17 03:00:00
470,prince rupert,54.3161,-130.3201,289.16,82,97,0.83,CA,2023-07-17 03:00:00
471,lae,-6.7221,146.9847,301.98,74,95,2.78,PG,2023-07-17 03:00:00
472,tughyl,47.7252,84.2063,295.78,46,0,3.18,KZ,2023-07-17 03:00:00
473,callao,-12.0667,-77.15,293.61,76,47,4.86,PE,2023-07-17 03:00:00
474,nizhnevartovsk,60.9344,76.5531,290.09,60,18,2.34,RU,2023-07-17 03:00:00
475,grand falls-windsor,48.9332,-55.6649,295.05,87,95,2.6,CA,2023-07-17 03:00:00
476,kaintragarh,20.7167,84.5333,299.47,91,100,1.71,IN,2023-07-17 03:00:00
477,pisco,-13.7,-76.2167,291.33,80,10,1.86,PE,2023-07-17 03:00:00
478,amahai,-3.3333,128.9167,299.44,83,88,4.77,ID,2023-07-17 03:00:00
479,dakhla,23.6848,-15.958,293.01,91,0,7.37,EH,2023-07-17 03:00:00
480,usinsk,65.9939,57.5281,291.25,83,90,3.06,RU,2023-07-17 03:00:00
481,andergrove,-21.0833,149.1833,295.69,70,66,7.8,AU,2023-07-17 03:00:00
482,tarakan,3.3,117.6333,301.37,76,57,5.56,ID,2023-07-17 03:00:00
483,sao desiderio,-12.3633,-44.9733,296.08,45,30,1.74,BR,2023-07-17 03:00:00
484,karratha,-20.7377,116.8463,297.52,35,4,5.17,AU,2023-07-17 03:00:00
485,pasuquin,18.3328,120.6177,302.71,78,83,5.53,PH,2023-07-17 03:00:00
486,fuyu,45.1833,124.8167,294.99,76,62,3.27,CN,2023-07-17 03:00:00
487,greci,45.1833,28.2333,293.76,56,0,1.88,RO,2023-07-17 03:00:00
488,hilongos,10.3744,124.7497,303.12,71,42,2.86,PH,2023-07-17 03:00:00
489,bati,11.1833,40.0167,294.81,57,42,1.85,ET,2023-07-17 03:00:00
490,qiqihar,47.3408,123.9672,298.24,65,44,3.78,CN,2023-07-17 03:00:00
491,tabou,4.423,-7.3528,297.79,89,80,3.68,CI,2023-07-17 03:00:00
492,viedma,-40.8135,-62.9967,277.82,51,50,6.0,AR,2023-07-17 03:00:00
493,kearneys spring,-27.6014,151.9403,291.51,55,69,4.6,AU,2023-07-17 03:00:00
494,port blair,11.6667,92.75,301.89,80,83,8.62,IN,2023-07-17 03:00:00
495,carutapera,-1.195,-46.02,296.92,94,43,2.32,BR,2023-07-17 03:00:00
496,kuta,-8.7233,115.1723,299.19,80,34,7.04,ID,2023-07-17 03:00:00
497,akureyri,65.6835,-18.0878,280.24,86,68,2.13,IS,2023-07-17 03:00:00
498,lospalos,-8.5186,127.0025,296.47,78,100,4.98,TL,2023-07-17 03:00:00
499,glace bay,46.1969,-59.957,293.65,93,83,5.18,CA,2023-07-17 03:00:00
500,sabang,5.8933,95.3214,301.32,76,100,10.39,ID,2023-07-17 03:00:00
501,okhotsk,59.3833,143.3,289.41,85,100,2.38,RU,2023-07-17 03:00:00
502,bereket,39.2446,55.5154,300.39,60,27,4.35,TM,2023-07-17 03:00:00
503,port shepstone,-30.7414,30.455,289.22,64,6,3.04,ZA,2023-07-17 03:00:00
504,neunburg vorm wald,49.3467,12.3844,291.01,91,42,0.95,DE,2023-07-17 03:00:00
505,mount pleasant,32.7941,-79.8626,302.64,82,59,0.95,US,2023-07-17 03:00:00
506,arawa,-6.2132,155.5367,302.66,77,60,0.79,PG,2023-07-17 03:00:00
507,mumbwa,-14.9783,27.0619,284.42,63,0,1.72,ZM,2023-07-17 03:00:00
508,usogorsk,63.4106,48.6872,291.26,79,47,1.52,RU,2023-07-17 03:00:00
509,kasongo-lunda,-6.4667,16.8167,295.09,42,2,0.96,CD,2023-07-17 03:00:00
510,mahajanga,-15.7167,46.3167,294.48,86,16,3.2,MG,2023-07-17 03:00:00
511,bikenibeu village,1.3673,173.1241,303.39,71,39,3.52,KI,2023-07-17 03:00:00
512,kindu,-2.95,25.95,298.27,43,65,1.36,CD,2023-07-17 03:00:00
513,bocana de paiwas,12.7857,-85.1227,297.29,95,100,3.74,NI,2023-07-17 03:00:00
514,lerwick,60.1545,-1.1494,285.55,90,85,6.94,GB,2023-07-17 03:00:00
515,aquidauana,-20.4711,-55.7872,294.53,56,20,1.11,BR,2023-07-17 03:00:00
516,princeville,45.7668,-61.2985,292.77,96,46,2.53,CA,2023-07-17 03:00:00
517,altay,47.8667,88.1167,298.94,30,1,2.19,CN,2023-07-17 03:00:00
518,thurso,58.5927,-3.5259,284.47,92,100,8.0,GB,2023-07-17 03:00:00
519,chapada dos guimaraes,-15.4606,-55.7497,294.55,38,2,1.75,BR,2023-07-17 03:00:00
520,rocky mountain house,52.3668,-114.9188,295.54,67,20,4.2,CA,2023-07-17 03:00:00
521,sisteron,44.1876,5.9462,294.78,83,1,1.15,FR,2023-07-17 03:00:00
522,preobrazheniye,42.9019,133.9064,292.77,84,99,4.2,RU,2023-07-17 03:00:00
523,broken hill,-31.95,141.4333,287.32,48,2,2.68,AU,2023-07-17 03:00:00
524,miandoab,36.9694,46.1027,295.02,63,1,2.48,IR,2023-07-17 03:00:00
525,extrema,-22.8547,-46.3183,287.71,77,20,1.63,BR,2023-07-17 03:00:00
526,manado,1.487,124.8455,302.05,68,47,0.93,ID,2023-07-17 03:00:00
527,morondava,-20.2833,44.2833,293.66,57,35,3.87,MG,2023-07-17 03:00:00
528,salalah,17.0151,54.0924,298.25,97,100,4.34,OM,2023-07-17 03:00:00
529,san antonio oeste,-40.7319,-64.9477,277.94,44,14,6.14,AR,2023-07-17 03:00:00
530,chaman,30.9236,66.4512,303.6,28,0,2.05,PK,2023-07-17 03:00:00
531,ciudad lazaro cardenas,17.9583,-102.2,302.46,83,7,2.03,MX,2023-07-17 03:00:00
532,tocopilla,-22.092,-70.1979,290.67,72,71,3.61,CL,2023-07-17 03:00:00
533,tsumeb,-19.2333,17.7167,286.24,35,0,4.67,NA,2023-07-17 03:00:00
534,yeed,4.55,43.0333,295.61,66,44,7.13,SO,2023-07-17 03:00:00
535,chui,-33.6971,-53.4616,279.34,78,38,3.34,UY,2023-07-17 03:00:00
536,azare,11.6765,10.1948,301.01,52,60,3.45,NG,2023-07-17 03:00:00
537,nefta,33.8731,7.8777,305.92,11,0,3.18,TN,2023-07-17 03:00:00
538,puerto ayacucho,5.6639,-67.6236,298.25,89,81,1.06,VE,2023-07-17 03:00:00
539,tsiombe,-25.3,45.4833,289.63,73,2,2.18,MG,2023-07-17 03:00:00
540,mar del plata,-38.0023,-57.5575,278.56,89,86,5.6,AR,2023-07-17 03:00:00
541,tutoia,-2.7619,-42.2744,300.07,80,17,4.86,BR,2023-07-17 03:00:00
542,san martin,-33.081,-68.4681,278.89,35,3,4.28,AR,2023-07-17 03:00:00
543,anjozorobe,-18.4,47.8667,285.97,93,58,1.87,MG,2023-07-17 03:00:00
544,conception bay south,47.4999,-52.9981,291.89,94,73,4.04,CA,2023-07-17 03:00:00
545,mogadishu,2.0371,45.3438,298.06,82,93,7.76,SO,2023-07-17 03:00:00
546,marsabit,2.3284,37.9899,288.76,76,52,7.05,KE,2023-07-17 03:00:00
547,podujeva,42.9106,21.1931,294.56,83,5,0.87,XK,2023-07-17 03:00:00
548,allapalli,19.4167,80.0667,296.63,97,100,2.97,IN,2023-07-17 03:00:00
549,camana,-16.6228,-72.7111,290.89,82,21,3.88,PE,2023-07-17 03:00:00
550,mersrags,57.3354,23.1246,288.17,89,38,5.51,LV,2023-07-17 03:00:00
551,kirensk,57.7853,108.1119,290.62,91,99,1.42,RU,2023-07-17 03:00:00
552,sao joao da barra,-21.6403,-41.0511,294.37,90,35,1.81,BR,2023-07-17 03:00:00
553,kingscliff,-28.2667,153.5667,293.38,62,100,4.59,AU,2023-07-17 03:00:00
554,natal,-5.795,-35.2094,296.39,91,58,3.63,BR,2023-07-17 03:00:00
555,rodolfo sanchez taboada,31.7167,-116.5667,295.26,74,97,2.3,MX,2023-07-17 03:00:00
556,le port,-20.9373,55.2919,295.56,84,16,2.31,RE,2023-07-17 03:00:00
557,emerald,-23.5333,148.1667,293.4,61,44,4.02,AU,2023-07-17 03:00:00
558,baglung,28.2719,83.5898,296.85,96,100,1.31,NP,2023-07-17 03:00:00
559,lagoa,39.05,-27.9833,292.67,71,72,2.86,PT,2023-07-17 03:00:00
560,ilhabela,-23.7781,-45.3581,291.54,84,16,1.21,BR,2023-07-17 03:00:00
561,lamin,13.3522,-16.4339,300.86,83,100,5.53,GM,2023-07-17 03:00:00
562,hohhot,40.8106,111.6522,301.94,40,1,2.87,CN,2023-07-17 03:00:00
563,justiniano posse,-32.8841,-62.6779,279.11,73,25,1.42,AR,2023-07-17 03:00:00
564,kloulklubed,7.0419,134.2556,300.34,80,100,4.99,PW,2023-07-17 03:00:00
565,shihezi,44.3,86.0333,305.55,23,67,2.54,CN,2023-07-17 03:00:00
566,jorhat,26.75,94.2167,297.34,97,100,3.94,IN,2023-07-17 03:00:00
567,al kharijah,25.4514,30.5464,302.64,17,0,1.23,EG,2023-07-17 03:00:00
568,poronaysk,49.2167,143.1167,287.85,90,99,3.15,RU,2023-07-17 03:00:00
569,suntar,62.1444,117.6319,296.03,44,74,6.1,RU,2023-07-17 03:00:00
570,kruisfontein,-34.0033,24.7314,285.67,61,71,2.33,ZA,2023-07-17 03:00:00
571,hotan,37.0997,79.9269,306.61,15,93,1.77,CN,2023-07-17 03:00:00
572,pudasjarvi,65.3833,26.9167,289.19,79,100,3.02,FI,2023-07-17 03:00:00
573,phayakkhaphum phisai,15.5163,103.1937,300.48,73,100,6.75,TH,2023-07-17 03:00:00
574,antofagasta,-23.65,-70.4,289.28,86,91,1.92,CL,2023-07-17 03:00:00
575,dongsheng,39.8161,109.9776,300.23,24,0,5.37,CN,2023-07-17 03:00:00
576,machico,32.7,-16.7667,294.48,69,57,6.27,PT,2023-07-17 03:00:00
577,huntsville,34.7304,-86.5861,299.44,70,33,0.99,US,2023-07-17 03:00:00
578,hasaki,35.7333,140.8333,304.15,72,89,3.98,JP,2023-07-17 03:00:00
579,pitimbu,-7.4706,-34.8086,297.76,80,27,4.52,BR,2023-07-17 03:00:00
580,sao felix do xingu,-6.6447,-51.995,298.6,46,47,0.33,BR,2023-07-17 03:00:00
581,beruniy,41.6911,60.7525,304.77,41,75,4.23,UZ,2023-07-17 03:00:00
582,kamianka,49.0318,32.104,290.95,53,0,2.12,UA,2023-07-17 03:00:00
583,bandarbeyla,9.4942,50.8122,298.47,77,35,12.79,SO,2023-07-17 03:00:00
584,onega,63.9061,38.1404,290.55,76,70,1.52,RU,2023-07-17 03:00:00
